{
  "version": 5,
  "last_date": "2026-07-16",
  "alpha": 0.005,
  "lr": 0.01,
  "n_epochs": 500,
  "weights": [
    -3.822920661220171e-05,
    -2.9331247780706097e-05,
    1.1581185909516766e-05,
    3.0429572759578853e-05,
    3.751695023443554e-05,
    1.260573469429388e-05,
    5.6385903464630186e-05,
    -9.80220343634509e-05,
    -0.00017454670622147857,
    0.000254060576101433,
    -2.6491803681444915e-05,
    -7.467142227580788e-05,
    0.00023519754270242196,
    3.859522624831264e-05,
    8.542300059508511e-06,
    -2.7391763266263163e-05,
    1.9800822860912917e-06,
    3.0638952791106944e-05,
    1.8579774721468343e-05
  ],
  "bias": 6.031922088775381e-05,
  "feature_names": [
    "fund_accel",
    "fund_ma20_div",
    "fund_ma5_div",
    "fund_macd",
    "fund_macd_signal",
    "fund_ret_1d",
    "fund_ret_2d",
    "fund_ret_3d",
    "fund_ret_5d",
    "fund_rsi_14",
    "fund_sector_spread",
    "fund_vol_10d",
    "fund_vol_5d",
    "market_ret_1d",
    "market_ret_2d",
    "market_ret_5d",
    "sector_market_spread",
    "sector_ret_1d",
    "sector_ret_5d"
  ],
  "feat_mean": {
    "fund_accel": 1.8766553611297078e-06,
    "fund_ma20_div": 0.057893070667634904,
    "fund_ma5_div": 0.011672769972280379,
    "fund_macd": 0.04574234007991406,
    "fund_macd_signal": 0.04575624625014995,
    "fund_ret_1d": 6.660452033230345e-05,
    "fund_ret_2d": 0.00013133238530347699,
    "fund_ret_3d": 0.00018913958181086138,
    "fund_ret_5d": 0.0003262771333501739,
    "fund_rsi_14": 52.26993021502925,
    "fund_sector_spread": 1.4379964771247272e-05,
    "fund_vol_10d": 0.0033046447298542003,
    "fund_vol_5d": 0.0030136201236779818,
    "market_ret_1d": 0.00021374987295106886,
    "market_ret_2d": 0.0004643622965081698,
    "market_ret_5d": 0.0012566146676675249,
    "sector_market_spread": -0.00016152531739001247,
    "sector_ret_1d": 5.2224555561056645e-05,
    "sector_ret_5d": 0.0003538218956903946
  },
  "feat_std": {
    "fund_accel": 0.005435253230385322,
    "fund_ma20_div": 0.9451305622779578,
    "fund_ma5_div": 0.41685456113675007,
    "fund_macd": 0.4890383296156877,
    "fund_macd_signal": 0.46764120864075204,
    "fund_ret_1d": 0.0038287035631075364,
    "fund_ret_2d": 0.005396963473400565,
    "fund_ret_3d": 0.006619613635837152,
    "fund_ret_5d": 0.008462711366933419,
    "fund_rsi_14": 12.814648525635441,
    "fund_sector_spread": 0.01510279737672558,
    "fund_vol_10d": 0.001507207535620151,
    "fund_vol_5d": 0.0016409118990441166,
    "market_ret_1d": 0.011048238729342389,
    "market_ret_2d": 0.01602528901056854,
    "market_ret_5d": 0.02590353796618432,
    "sector_market_spread": 0.011087767025827365,
    "sector_ret_1d": 0.01463378880934295,
    "sector_ret_5d": 0.03246410351317357
  },
  "trained": true
}