{
  "version": 5,
  "last_date": "2026-07-17",
  "alpha": 0.005,
  "lr": 0.01,
  "n_epochs": 500,
  "weights": [
    -0.0001105436247415503,
    3.3529103788301714e-05,
    6.335922485876139e-05,
    -0.00043593217684757254,
    -0.00031970327946602753,
    0.0002376787231456109,
    0.00044495819213187054,
    0.000195005143698627,
    -0.0007930792003573105,
    -0.00017521157108232717,
    -0.0001503918718392239,
    0.00027250740894673635,
    -0.0003091059195977961,
    5.950216930836651e-05,
    0.0007007521347299038,
    -0.0006617940614127654,
    0.0004355873943271162,
    0.0005126045470200282,
    -0.00022121732874279097
  ],
  "bias": 0.0002527415084517803,
  "feature_names": [
    "fund_accel",
    "fund_ma20_div",
    "fund_ma5_div",
    "fund_macd",
    "fund_macd_signal",
    "fund_ret_1d",
    "fund_ret_2d",
    "fund_ret_3d",
    "fund_ret_5d",
    "fund_rsi_14",
    "fund_sector_spread",
    "fund_vol_10d",
    "fund_vol_5d",
    "market_ret_1d",
    "market_ret_2d",
    "market_ret_5d",
    "sector_market_spread",
    "sector_ret_1d",
    "sector_ret_5d"
  ],
  "feat_mean": {
    "fund_accel": -5.799761769067879e-05,
    "fund_ma20_div": 0.1862285445094693,
    "fund_ma5_div": 0.027224649818404372,
    "fund_macd": 0.07870363414930662,
    "fund_macd_signal": 0.08896129027305912,
    "fund_ret_1d": 0.00025499836105357385,
    "fund_ret_2d": 0.0005679943397978255,
    "fund_ret_3d": 0.000822475021513182,
    "fund_ret_5d": 0.0012746240063977407,
    "fund_rsi_14": 50.847891728532666,
    "fund_sector_spread": 0.00034272444272942575,
    "fund_vol_10d": 0.015508037861833876,
    "fund_vol_5d": 0.014045273038663252,
    "market_ret_1d": 0.00028042078447993693,
    "market_ret_2d": 0.0006092019502605038,
    "market_ret_5d": 0.0016485664577540536,
    "sector_market_spread": -0.000368146866155788,
    "sector_ret_1d": -8.772608167585225e-05,
    "sector_ret_5d": -0.00029381893977693444
  },
  "feat_std": {
    "fund_accel": 0.025673160575761998,
    "fund_ma20_div": 4.132344651615461,
    "fund_ma5_div": 2.0100442608390034,
    "fund_macd": 1.644423901781497,
    "fund_macd_signal": 1.501601173015067,
    "fund_ret_1d": 0.018180910401240653,
    "fund_ret_2d": 0.025801155189873307,
    "fund_ret_3d": 0.03179441765388553,
    "fund_ret_5d": 0.040680879623554905,
    "fund_rsi_14": 10.839259773906841,
    "fund_sector_spread": 0.024607278031696076,
    "fund_vol_10d": 0.007598170124220199,
    "fund_vol_5d": 0.008291765851715175,
    "market_ret_1d": 0.012653767888555741,
    "market_ret_2d": 0.018352750476716487,
    "market_ret_5d": 0.02965867877228964,
    "sector_market_spread": 0.016687864775751838,
    "sector_ret_1d": 0.015649393319823943,
    "sector_ret_5d": 0.035489828971051685
  },
  "trained": true
}