{
  "version": 5,
  "last_date": "2026-07-17",
  "alpha": 0.005,
  "lr": 0.01,
  "n_epochs": 500,
  "weights": [
    0.0001952007997933369,
    -0.0004527387877974769,
    0.00019117929526096022,
    -0.000527184963116458,
    -0.0004234288433079177,
    6.19954753706278e-05,
    -0.00010295904567986931,
    0.0003468177585998002,
    -0.00038473970750719263,
    0.00018783264223055015,
    0.0002535568266608552,
    -0.00016809674691572877,
    0.00031095627138239457,
    -8.967094425421522e-05,
    0.0001621680463455167,
    0.0003425686290263821,
    -0.0001794718373711934,
    -0.00028571446706652343,
    0.0008893471781086897
  ],
  "bias": -0.0004560317913573345,
  "feature_names": [
    "fund_accel",
    "fund_ma20_div",
    "fund_ma5_div",
    "fund_macd",
    "fund_macd_signal",
    "fund_ret_1d",
    "fund_ret_2d",
    "fund_ret_3d",
    "fund_ret_5d",
    "fund_rsi_14",
    "fund_sector_spread",
    "fund_vol_10d",
    "fund_vol_5d",
    "market_ret_1d",
    "market_ret_2d",
    "market_ret_5d",
    "sector_market_spread",
    "sector_ret_1d",
    "sector_ret_5d"
  ],
  "feat_mean": {
    "fund_accel": 2.5609654164121924e-05,
    "fund_ma20_div": -0.5616408466200087,
    "fund_ma5_div": -0.10867433645197148,
    "fund_macd": -0.3158626862078523,
    "fund_macd_signal": -0.31542137128871645,
    "fund_ret_1d": -0.0004247454854048313,
    "fund_ret_2d": -0.0008751006249737838,
    "fund_ret_3d": -0.0013455904057404708,
    "fund_ret_5d": -0.002322840201426033,
    "fund_rsi_14": 47.60582635749518,
    "fund_sector_spread": -0.0007430605845969648,
    "fund_vol_10d": 0.013575435550115983,
    "fund_vol_5d": 0.01228113737385979,
    "market_ret_1d": 0.0002908898271005213,
    "market_ret_2d": 0.000631945489736896,
    "market_ret_5d": 0.0017101129388435382,
    "sector_market_spread": 2.7425272091611282e-05,
    "sector_ret_1d": 0.0003183150991921324,
    "sector_ret_5d": 0.0017027960399074353
  },
  "feat_std": {
    "fund_accel": 0.021772633216134617,
    "fund_ma20_div": 3.570232684602107,
    "fund_ma5_div": 1.7419680000138293,
    "fund_macd": 1.0444822362433548,
    "fund_macd_signal": 0.9538202989187744,
    "fund_ret_1d": 0.015641264497584184,
    "fund_ret_2d": 0.02244251727750151,
    "fund_ret_3d": 0.02753224879617157,
    "fund_ret_5d": 0.035605123973690866,
    "fund_rsi_14": 11.042640347961145,
    "fund_sector_spread": 0.023407826430285536,
    "fund_vol_10d": 0.006034855842062336,
    "fund_vol_5d": 0.006523830886995215,
    "market_ret_1d": 0.012887689055805951,
    "market_ret_2d": 0.01869181156332965,
    "market_ret_5d": 0.030205492296504557,
    "sector_market_spread": 0.021228262716212098,
    "sector_ret_1d": 0.017379331931447833,
    "sector_ret_5d": 0.03998526205148811
  },
  "trained": true
}