{
  "version": 5,
  "last_date": "2026-07-17",
  "alpha": 0.5,
  "lr": 0.01,
  "n_epochs": 500,
  "weights": [
    -1.8680745400640135e-05,
    -0.0004648459387743842,
    0.0001889454206432993,
    -0.00026805331701462823,
    -0.00010305273217190996,
    -5.487074035553102e-05,
    -5.8687586580631164e-05,
    0.00033979863948002285,
    8.05319558588299e-05,
    6.213491477480124e-05,
    -2.9824042319675414e-05,
    -0.0003200313849753719,
    0.0006403598073635285,
    0.00012023504354500974,
    -0.00010436814552922204,
    -0.0006854005745144648,
    -7.715021781749965e-05,
    -5.077674832170209e-06,
    -0.00036179424421442117
  ],
  "bias": -0.000533958783804764,
  "feature_names": [
    "fund_accel",
    "fund_ma20_div",
    "fund_ma5_div",
    "fund_macd",
    "fund_macd_signal",
    "fund_ret_1d",
    "fund_ret_2d",
    "fund_ret_3d",
    "fund_ret_5d",
    "fund_rsi_14",
    "fund_sector_spread",
    "fund_vol_10d",
    "fund_vol_5d",
    "market_ret_1d",
    "market_ret_2d",
    "market_ret_5d",
    "sector_market_spread",
    "sector_ret_1d",
    "sector_ret_5d"
  ],
  "feat_mean": {
    "fund_accel": 2.332087225070007e-05,
    "fund_ma20_div": -0.590117944696871,
    "fund_ma5_div": -0.1288190819075299,
    "fund_macd": -0.340124570390832,
    "fund_macd_signal": -0.3374966128014586,
    "fund_ret_1d": -0.000546633148391479,
    "fund_ret_2d": -0.0011165871690336563,
    "fund_ret_3d": -0.0016972798035127538,
    "fund_ret_5d": -0.002887809397867054,
    "fund_rsi_14": 46.80603248681243,
    "fund_sector_spread": -0.0008909643854983515,
    "fund_vol_10d": 0.012307708537942996,
    "fund_vol_5d": 0.011168433099758587,
    "market_ret_1d": 0.0003146644764308523,
    "market_ret_2d": 0.0006835948807250076,
    "market_ret_5d": 0.001849881784806712,
    "sector_market_spread": 2.966676067602182e-05,
    "sector_ret_1d": 0.0003443312371068739,
    "sector_ret_5d": 0.0018419668700921776
  },
  "feat_std": {
    "fund_accel": 0.01996660913127949,
    "fund_ma20_div": 3.2965423797972258,
    "fund_ma5_div": 1.5781783515707812,
    "fund_macd": 1.0495857212811643,
    "fund_macd_signal": 0.9741558602688071,
    "fund_ret_1d": 0.014220225833196641,
    "fund_ret_2d": 0.02023524166654198,
    "fund_ret_3d": 0.02490121584318418,
    "fund_ret_5d": 0.0324923485616161,
    "fund_rsi_14": 11.335222156545269,
    "fund_sector_spread": 0.023085186182041605,
    "fund_vol_10d": 0.005488138682223457,
    "fund_vol_5d": 0.005895962570358351,
    "market_ret_1d": 0.0134037277776179,
    "market_ret_2d": 0.01943975104228004,
    "market_ret_5d": 0.03141149558998372,
    "sector_market_spread": 0.022078726295709068,
    "sector_ret_1d": 0.01807535001218877,
    "sector_ret_5d": 0.04158410415387026
  },
  "trained": true
}