{
  "version": 5,
  "last_date": "2026-07-17",
  "alpha": 0.005,
  "lr": 0.01,
  "n_epochs": 500,
  "weights": [
    0.0004890474751396328,
    -0.0008591754216654816,
    0.00037342757927602826,
    -0.0006097403319439238,
    -0.0003453092425890686,
    0.0008442369164270965,
    0.0006944768428277129,
    -0.0009403074998650864,
    -0.00014168822563231774,
    0.0007748956445643722,
    0.000834076377250313,
    0.0004478918555067542,
    0.0005398994299084339,
    -0.0006296671655269086,
    0.0009075294734344835,
    -0.00034717967516406016,
    0.00021785823622887763,
    -0.000357559215028261,
    0.00024619525933241004
  ],
  "bias": -0.0003503093479904807,
  "feature_names": [
    "fund_accel",
    "fund_ma20_div",
    "fund_ma5_div",
    "fund_macd",
    "fund_macd_signal",
    "fund_ret_1d",
    "fund_ret_2d",
    "fund_ret_3d",
    "fund_ret_5d",
    "fund_rsi_14",
    "fund_sector_spread",
    "fund_vol_10d",
    "fund_vol_5d",
    "market_ret_1d",
    "market_ret_2d",
    "market_ret_5d",
    "sector_market_spread",
    "sector_ret_1d",
    "sector_ret_5d"
  ],
  "feat_mean": {
    "fund_accel": 3.218489676398209e-08,
    "fund_ma20_div": -0.4470060255742523,
    "fund_ma5_div": -0.08132148626915103,
    "fund_macd": -0.2778059129725178,
    "fund_macd_signal": -0.27791192833719336,
    "fund_ret_1d": -0.00029995967853862967,
    "fund_ret_2d": -0.0005999515419740244,
    "fund_ret_3d": -0.0009475596228630518,
    "fund_ret_5d": -0.0016145611187961568,
    "fund_rsi_14": 47.19378331269376,
    "fund_sector_spread": -5.727328061701392e-05,
    "fund_vol_10d": 0.012885438466489806,
    "fund_vol_5d": 0.011633212971629068,
    "market_ret_1d": 0.00036045914095787557,
    "market_ret_2d": 0.0007244480475107068,
    "market_ret_5d": 0.0017777897354961478,
    "sector_market_spread": -0.0006031455388794914,
    "sector_ret_1d": -0.00024268639792161554,
    "sector_ret_5d": -0.0013794401779626798
  },
  "feat_std": {
    "fund_accel": 0.020747519566277368,
    "fund_ma20_div": 3.920854829372266,
    "fund_ma5_div": 1.836058886506022,
    "fund_macd": 1.2079827785199346,
    "fund_macd_signal": 1.1197124724980874,
    "fund_ret_1d": 0.015665504259143564,
    "fund_ret_2d": 0.023477056332570276,
    "fund_ret_3d": 0.029295841359747728,
    "fund_ret_5d": 0.03782101404348005,
    "fund_rsi_14": 12.422849916116443,
    "fund_sector_spread": 0.02342727515517915,
    "fund_vol_10d": 0.007133089391346175,
    "fund_vol_5d": 0.007194542460997623,
    "market_ret_1d": 0.013567303108212884,
    "market_ret_2d": 0.020110951595526384,
    "market_ret_5d": 0.03301141713448848,
    "sector_market_spread": 0.01022750183926408,
    "sector_ret_1d": 0.017660682524331048,
    "sector_ret_5d": 0.042410651805695095
  },
  "trained": true
}