{
  "version": 5,
  "last_date": "2026-07-17",
  "alpha": 0.005,
  "lr": 0.01,
  "n_epochs": 500,
  "weights": [
    0.0004088521043836682,
    0.00015528080381375407,
    0.0003467856783954429,
    -0.00029447338115703043,
    -0.0006144335386596366,
    -0.00012068182823266885,
    -0.0005608758862093007,
    -0.00040809547841798836,
    0.0008625757019551407,
    2.8404045370736296e-05,
    -5.38945182786648e-05,
    0.0007485916342512028,
    -0.0009059272508843276,
    0.0002550377065144693,
    -0.0008651481988113989,
    0.0003236981943121578,
    -0.0002708906607645543,
    -1.3295971775370921e-05,
    0.0009771925059747957
  ],
  "bias": -2.4488849542763174e-05,
  "feature_names": [
    "fund_accel",
    "fund_ma20_div",
    "fund_ma5_div",
    "fund_macd",
    "fund_macd_signal",
    "fund_ret_1d",
    "fund_ret_2d",
    "fund_ret_3d",
    "fund_ret_5d",
    "fund_rsi_14",
    "fund_sector_spread",
    "fund_vol_10d",
    "fund_vol_5d",
    "market_ret_1d",
    "market_ret_2d",
    "market_ret_5d",
    "sector_market_spread",
    "sector_ret_1d",
    "sector_ret_5d"
  ],
  "feat_mean": {
    "fund_accel": -1.4402567719611231e-05,
    "fund_ma20_div": -0.016377821881540015,
    "fund_ma5_div": -0.01812183704292733,
    "fund_macd": 0.024558544024662853,
    "fund_macd_signal": 0.049820064220257754,
    "fund_ret_1d": -4.595319120310207e-05,
    "fund_ret_2d": -7.750381468659341e-05,
    "fund_ret_3d": -0.00012544478487299177,
    "fund_ret_5d": -0.0002080514206022447,
    "fund_rsi_14": 50.280623370845774,
    "fund_sector_spread": 0.0013030012981672262,
    "fund_vol_10d": 0.009172995742332993,
    "fund_vol_5d": 0.008263385320291732,
    "market_ret_1d": -0.00035688288793346925,
    "market_ret_2d": -0.0006969304748526864,
    "market_ret_5d": -0.0017103763003846857,
    "sector_market_spread": -0.0009920716014368586,
    "sector_ret_1d": -0.0013489544893703262,
    "sector_ret_5d": -0.006734325644929916
  },
  "feat_std": {
    "fund_accel": 0.015393146610770554,
    "fund_ma20_div": 2.7756664518163703,
    "fund_ma5_div": 1.2396631071991666,
    "fund_macd": 1.0684520068899703,
    "fund_macd_signal": 0.932350091764239,
    "fund_ret_1d": 0.011106824925081084,
    "fund_ret_2d": 0.016000517193190348,
    "fund_ret_3d": 0.01954152492690476,
    "fund_ret_5d": 0.025927569525184133,
    "fund_rsi_14": 11.445558755787259,
    "fund_sector_spread": 0.020603224244687197,
    "fund_vol_10d": 0.0050435249926270645,
    "fund_vol_5d": 0.005289464454904425,
    "market_ret_1d": 0.010520905171696565,
    "market_ret_2d": 0.015096631240033862,
    "market_ret_5d": 0.023957905999220614,
    "sector_market_spread": 0.010754223159217662,
    "sector_ret_1d": 0.01729780237577358,
    "sector_ret_5d": 0.036040648043444534
  },
  "trained": true
}